{
    "domain": {
        "x_domain": [
            0,
            1,
            10000
        ],
        "y_domain": null,
        "t_domain": null
    },
    "nn_dims": {
        "num_layers": 3,
        "num_neurons": 40
    },
    "same_arch_for_interpolation": false,
    "obs_values": {
        "dom_obs": [
            [
                0.0
            ],
            [
                0.041666666666666664
            ],
            [
                0.08333333333333333
            ],
            [
                0.125
            ],
            [
                0.16666666666666666
            ],
            [
                0.20833333333333331
            ],
            [
                0.25
            ],
            [
                0.29166666666666663
            ],
            [
                0.3333333333333333
            ],
            [
                0.375
            ],
            [
                0.41666666666666663
            ],
            [
                0.4583333333333333
            ],
            [
                0.5
            ],
            [
                0.5416666666666666
            ],
            [
                0.5833333333333333
            ],
            [
                0.625
            ],
            [
                0.6666666666666666
            ],
            [
                0.7083333333333333
            ],
            [
                0.75
            ],
            [
                0.7916666666666666
            ],
            [
                0.8333333333333333
            ],
            [
                0.875
            ],
            [
                0.9166666666666666
            ],
            [
                0.9583333333333333
            ],
            [
                1.0
            ]
        ],
        "u_obs": [
            [
                0.0
            ],
            [
                0.03993055555555555
            ],
            [
                0.07638888888888888
            ],
            [
                0.109375
            ],
            [
                0.1388888888888889
            ],
            [
                0.16493055555555555
            ],
            [
                0.1875
            ],
            [
                0.2065972222222222
            ],
            [
                0.22222222222222224
            ],
            [
                0.234375
            ],
            [
                0.24305555555555555
            ],
            [
                0.24826388888888892
            ],
            [
                0.25
            ],
            [
                0.2482638888888889
            ],
            [
                0.24305555555555558
            ],
            [
                0.234375
            ],
            [
                0.22222222222222224
            ],
            [
                0.20659722222222227
            ],
            [
                0.1875
            ],
            [
                0.16493055555555558
            ],
            [
                0.13888888888888895
            ],
            [
                0.109375
            ],
            [
                0.07638888888888892
            ],
            [
                0.03993055555555562
            ],
            [
                0.0
            ]
        ],
        "f_obs": [
            [
                2.0
            ],
            [
                2.0
            ],
            [
                1.999999999999886
            ],
            [
                1.9999999999325735
            ],
            [
                1.9999999805922246
            ],
            [
                1.9999973030599707
            ],
            [
                1.9998211206477403
            ],
            [
                1.9944419120836294
            ],
            [
                1.9218225038462164
            ],
            [
                1.538662196954222
            ],
            [
                1.1134143687918356
            ],
            [
                2.4318406142463815
            ],
            [
                4.0
            ],
            [
                2.4318406142463846
            ],
            [
                1.1134143687918359
            ],
            [
                1.538662196954222
            ],
            [
                1.9218225038462162
            ],
            [
                1.9944419120836294
            ],
            [
                1.9998211206477403
            ],
            [
                1.9999973030599707
            ],
            [
                1.9999999805922246
            ],
            [
                1.9999999999325735
            ],
            [
                1.999999999999886
            ],
            [
                2.0
            ],
            [
                2.0
            ]
        ]
    },
    "loss_weights": {
        "w_PDE_loss": 0.2,
        "a_grad_loss": 0
    },
    "learning_rate": 0.01,
    "training_time": 1888.5404841899872,
    "total_iterations": [
        1,
        501,
        1001,
        1501,
        2001,
        2501,
        3001,
        3501,
        4001,
        4501,
        5001,
        5501,
        6001,
        6501,
        7001,
        7501,
        8001,
        8501,
        9001,
        9501,
        10000
    ],
    "history": {
        "u_history": {
            "loss": [
                0.01280819159001112,
                0.0001656501553952694,
                2.657178629306145e-05,
                2.4720069632166997e-05,
                0.00014899435336701572,
                2.6694464395404793e-05,
                2.1501105948118493e-05,
                1.3349141227081418e-05,
                1.6885463764992892e-06,
                9.266205438507313e-07,
                3.963316703448072e-05,
                1.0767419098556275e-06,
                2.504283429516363e-06,
                1.8986887653227313e-06,
                7.265336171258241e-05,
                1.679308661550749e-05,
                1.5392229215649422e-06,
                1.677969748925534e-06,
                8.669735507282894e-06,
                8.190522930817679e-05,
                1.8094218603437184e-06
            ],
            "steps": [
                1,
                501,
                1001,
                1501,
                2001,
                2501,
                3001,
                3501,
                4001,
                4501,
                5001,
                5501,
                6001,
                6501,
                7001,
                7501,
                8001,
                8501,
                9001,
                9501,
                10000
            ]
        },