{
    "domain": {
        "x_domain": [
            0,
            1,
            1000
        ],
        "y_domain": null,
        "t_domain": null
    },
    "nn_dims": {
        "num_layers": 2,
        "num_neurons": 10
    },
    "obs_values": {
        "dom_obs": [
            [
                0.0
            ],
            [
                0.041666666666666664
            ],
            [
                0.08333333333333333
            ],
            [
                0.125
            ],
            [
                0.16666666666666666
            ],
            [
                0.20833333333333331
            ],
            [
                0.25
            ],
            [
                0.29166666666666663
            ],
            [
                0.3333333333333333
            ],
            [
                0.375
            ],
            [
                0.41666666666666663
            ],
            [
                0.4583333333333333
            ],
            [
                0.5
            ],
            [
                0.5416666666666666
            ],
            [
                0.5833333333333333
            ],
            [
                0.625
            ],
            [
                0.6666666666666666
            ],
            [
                0.7083333333333333
            ],
            [
                0.75
            ],
            [
                0.7916666666666666
            ],
            [
                0.8333333333333333
            ],
            [
                0.875
            ],
            [
                0.9166666666666666
            ],
            [
                0.9583333333333333
            ],
            [
                1.0
            ]
        ],
        "u_obs": [
            [
                0.0
            ],
            [
                0.03993055555555555
            ],
            [
                0.07638888888888888
            ],
            [
                0.109375
            ],
            [
                0.1388888888888889
            ],
            [
                0.16493055555555555
            ],
            [
                0.1875
            ],
            [
                0.2065972222222222
            ],
            [
                0.22222222222222224
            ],
            [
                0.234375
            ],
            [
                0.24305555555555555
            ],
            [
                0.24826388888888892
            ],
            [
                0.25
            ],
            [
                0.2482638888888889
            ],
            [
                0.24305555555555558
            ],
            [
                0.234375
            ],
            [
                0.22222222222222224
            ],
            [
                0.20659722222222227
            ],
            [
                0.1875
            ],
            [
                0.16493055555555558
            ],
            [
                0.13888888888888895
            ],
            [
                0.109375
            ],
            [
                0.07638888888888892
            ],
            [
                0.03993055555555562
            ],
            [
                0.0
            ]
        ],
        "f_obs": [
            [
                2.0
            ],
            [
                2.0
            ],
            [
                1.999999999999886
            ],
            [
                1.9999999999325735
            ],
            [
                1.9999999805922246
            ],
            [
                1.9999973030599707
            ],
            [
                1.9998211206477403
            ],
            [
                1.9944419120836294
            ],
            [
                1.9218225038462164
            ],
            [
                1.538662196954222
            ],
            [
                1.1134143687918356
            ],
            [
                2.4318406142463815
            ],
            [
                4.0
            ],
            [
                2.4318406142463846
            ],
            [
                1.1134143687918359
            ],
            [
                1.538662196954222
            ],
            [
                1.9218225038462162
            ],
            [
                1.9944419120836294
            ],
            [
                1.9998211206477403
            ],
            [
                1.9999973030599707
            ],
            [
                1.9999999805922246
            ],
            [
                1.9999999999325735
            ],
            [
                1.999999999999886
            ],
            [
                2.0
            ],
            [
                2.0
            ]
        ]
    },
    "loss_weights": {
        "w_PDE_loss": 0.2,
        "a_grad_loss": 0.001,
        "gPINN_loss": 0.01
    },
    "learning_rate": 0.01,
    "training_time": 2085.680126428604,
    "total_iterations": [
        1,
        501,
        1001,
        1501,
        2001,
        2501,
        3001,
        3501,
        4001,
        4501,
        5001,
        5501,
        6001,
        6501,
        7001,
        7501,
        8001,
        8501,
        9001,
        9501,
        10000
    ],
    "history": {
        "u_history": {
            "loss": [
                0.015871888026595116,
                8.65870897541754e-05,
                5.082074858364649e-05,
                4.105243715457618e-05,
                3.1670864700572565e-05,
                2.8878552257083356e-05,
                2.6762965717352927e-05,
                2.5055842343135737e-05,
                2.2903617718839087e-05,
                0.0004729253123514354,
                2.149539977835957e-05
            ],
            "steps": [
                1,
                501,
                1001,
                1501,
                2001,
                2501,
                3001,
                3501,
                4001,
                4501,
                5000
            ]
        },
        "f_history": {
            "loss": [
                1.6529620885849,
                0.25509682297706604,
                0.2550927400588989,
                0.2550901174545288,
                0.25508785247802734,
                0.25508570671081543,
                0.25508344173431396,
                0.25508424639701843,
                0.255072683095932,
                0.2550380229949951,
                0.19880357384681702,
                0.00014289353566709906,
                5.6633154599694535e-05,
                2.7798123483080417e-05,
                0.00012911082012578845,
                7.858686876716092e-05,
                9.554106327414047e-06,
                0.0001079683133866638,
                8.810013241600245e-06,
                0.00023319452884607017,
                9.232856245944276e-05
            ],
            "steps": [
                1,
                501,
                1001,
                1501,
                2001,
                2501,
                3001,
                3501,
                4001,
                4501,
                5001,
                5501,
                6001,
                6501,
                7001,
                7501,
                8001,
                8501,
                9001,
                9501,
                10000
            ]
        },