{
    "domain": {
        "x_domain": [
            0,
            1,
            1000
        ],
        "y_domain": null,
        "t_domain": null
    },
    "nn_dims": {
        "num_layers": 2,
        "num_neurons": 10
    },
    "obs_values": {
        "dom_obs": [
            [
                0.0
            ],
            [
                0.041666666666666664
            ],
            [
                0.08333333333333333
            ],
            [
                0.125
            ],
            [
                0.16666666666666666
            ],
            [
                0.20833333333333331
            ],
            [
                0.25
            ],
            [
                0.29166666666666663
            ],
            [
                0.3333333333333333
            ],
            [
                0.375
            ],
            [
                0.41666666666666663
            ],
            [
                0.4583333333333333
            ],
            [
                0.5
            ],
            [
                0.5416666666666666
            ],
            [
                0.5833333333333333
            ],
            [
                0.625
            ],
            [
                0.6666666666666666
            ],
            [
                0.7083333333333333
            ],
            [
                0.75
            ],
            [
                0.7916666666666666
            ],
            [
                0.8333333333333333
            ],
            [
                0.875
            ],
            [
                0.9166666666666666
            ],
            [
                0.9583333333333333
            ],
            [
                1.0
            ]
        ],
        "u_obs": [
            [
                0.0
            ],
            [
                0.03993055555555555
            ],
            [
                0.07638888888888888
            ],
            [
                0.109375
            ],
            [
                0.1388888888888889
            ],
            [
                0.16493055555555555
            ],
            [
                0.1875
            ],
            [
                0.2065972222222222
            ],
            [
                0.22222222222222224
            ],
            [
                0.234375
            ],
            [
                0.24305555555555555
            ],
            [
                0.24826388888888892
            ],
            [
                0.25
            ],
            [
                0.2482638888888889
            ],
            [
                0.24305555555555558
            ],
            [
                0.234375
            ],
            [
                0.22222222222222224
            ],
            [
                0.20659722222222227
            ],
            [
                0.1875
            ],
            [
                0.16493055555555558
            ],
            [
                0.13888888888888895
            ],
            [
                0.109375
            ],
            [
                0.07638888888888892
            ],
            [
                0.03993055555555562
            ],
            [
                0.0
            ]
        ],
        "f_obs": null
    },
    "loss_weights": {
        "w_PDE_loss": 0.2,
        "a_grad_loss": 0.001,
        "gPINN_loss": 0.001
    },
    "learning_rate": 0.01,
    "training_time": 331.9437983036041,
    "total_iterations": [
        0,
        500,
        1000,
        1500,
        2000,
        2500,
        3000,
        3500,
        4000,
        4500,
        5000,
        5500,
        6000,
        6500,
        7000,
        7500,
        8000,
        8500,
        9000,
        9500,
        10000,
        10500,
        11000,
        11500,
        12000,
        12500,
        13000,
        13500,
        14000,
        14500,
        15000,
        15500,
        16000,
        16500,
        17000,
        17500,
        18000,
        18500,
        19000,
        19500,
        20000
    ],
    "history": {
        "u_history": {
            "loss": [
                0.16701576113700867,
                0.00010255641973344609,
                7.496445323340595e-05,
                5.656941721099429e-05,
                4.589316449710168e-05,
                3.936739085474983e-05,
                3.531817492330447e-05,
                3.188268601661548e-05,
                2.8682645279332064e-05,
                2.5358824132126756e-05,
                2.9199933123891242e-05,
                1.988757139770314e-05,
                1.4183148778101895e-05,
                1.10414457594743e-05,
                8.17549789644545e-06,
                1.301596057601273e-06,
                4.537681525107473e-05,
                3.5258273101135273e-07,
                1.2561355333673418e-07,
                0.00011355192691553384,
                9.906739251164254e-08
            ],
            "steps": [
                1,
                501,
                1001,
                1501,
                2001,
                2501,
                3001,
                3501,
                4001,
                4501,
                5001,
                5501,
                6001,
                6501,
                7001,
                7501,
                8001,
                8501,
                9001,
                9501,
                10000
            ]
        },
        "f_history": {
            "loss": null,
            "steps": null
        },
        "a_history": {
            "loss": [
                0.19964617490768433,
                1.2686521131399786e-06,
                1.6992937901250116e-07,
                1.51111947843674e-07,
                1.30958937916148e-07,
                1.230878297064919e-07,
                8.965361786295034e-08,
                5.932764324256823e-08,
                3.909263668333551e-08,
                2.252214414966147e-08,
                1.0112536585893395e-07,
                7.358719358308008e-06,
                1.3408063068709453e-06,
                8.423971742388403e-09,
                4.82719331174053e-09,
                6.2780762810632496e-09,
                6.143083624010615e-07,
                5.004982650547163e-09,
                3.5165090839228696e-09,
                1.9111292104412314e-08,
                4.266793894203147e-06,
                1.898217361073762e-09,
                1.9116241922745303e-09,
                1.4364603950767219e-09,
                4.2140050027228426e-07,
                1.639777758022376e-09,
                1.4153141592032625e-07,
                2.632140283509443e-09,
                1.4946984094876825e-07,
                1.886005795981305e-09,
                4.112771456732389e-09,
                2.7945565861386967e-09,
                3.353135582528921e-07,
                1.7318198786142602e-07,
                2.0495546948495758e-07,
                8.120721162185873e-08,
                4.6913697815398336e-08,
                1.8198994311546812e-08,
                5.095249555608916e-09,
                4.360773004918883e-07,
                3.5824190280919765e-09
            ],
            "pde_loss": [],
            "a_grad_loss": [],