{
    "domain": {
        "x_domain": [
            0,
            1,
            1000
        ],
        "y_domain": null,
        "t_domain": null
    },
    "nn_dims": {
        "num_layers": 2,
        "num_neurons": 10
    },
    "same_arch_for_interpolation": false,
    "obs_values": {
        "dom_obs": [
            [
                0.0
            ],
            [
                0.041666666666666664
            ],
            [
                0.08333333333333333
            ],
            [
                0.125
            ],
            [
                0.16666666666666666
            ],
            [
                0.20833333333333331
            ],
            [
                0.25
            ],
            [
                0.29166666666666663
            ],
            [
                0.3333333333333333
            ],
            [
                0.375
            ],
            [
                0.41666666666666663
            ],
            [
                0.4583333333333333
            ],
            [
                0.5
            ],
            [
                0.5416666666666666
            ],
            [
                0.5833333333333333
            ],
            [
                0.625
            ],
            [
                0.6666666666666666
            ],
            [
                0.7083333333333333
            ],
            [
                0.75
            ],
            [
                0.7916666666666666
            ],
            [
                0.8333333333333333
            ],
            [
                0.875
            ],
            [
                0.9166666666666666
            ],
            [
                0.9583333333333333
            ],
            [
                1.0
            ]
        ],
        "u_obs": [
            [
                0.0
            ],
            [
                0.03993055555555555
            ],
            [
                0.07638888888888888
            ],
            [
                0.109375
            ],
            [
                0.1388888888888889
            ],
            [
                0.16493055555555555
            ],
            [
                0.1875
            ],
            [
                0.2065972222222222
            ],
            [
                0.22222222222222224
            ],
            [
                0.234375
            ],
            [
                0.24305555555555555
            ],
            [
                0.24826388888888892
            ],
            [
                0.25
            ],
            [
                0.2482638888888889
            ],
            [
                0.24305555555555558
            ],
            [
                0.234375
            ],
            [
                0.22222222222222224
            ],
            [
                0.20659722222222227
            ],
            [
                0.1875
            ],
            [
                0.16493055555555558
            ],
            [
                0.13888888888888895
            ],
            [
                0.109375
            ],
            [
                0.07638888888888892
            ],
            [
                0.03993055555555562
            ],
            [
                0.0
            ]
        ],
        "f_obs": [
            [
                2.0
            ],
            [
                2.0
            ],
            [
                1.999999999999886
            ],
            [
                1.9999999999325735
            ],
            [
                1.9999999805922246
            ],
            [
                1.9999973030599707
            ],
            [
                1.9998211206477403
            ],
            [
                1.9944419120836294
            ],
            [
                1.9218225038462164
            ],
            [
                1.538662196954222
            ],
            [
                1.1134143687918356
            ],
            [
                2.4318406142463815
            ],
            [
                4.0
            ],
            [
                2.4318406142463846
            ],
            [
                1.1134143687918359
            ],
            [
                1.538662196954222
            ],
            [
                1.9218225038462162
            ],
            [
                1.9944419120836294
            ],
            [
                1.9998211206477403
            ],
            [
                1.9999973030599707
            ],
            [
                1.9999999805922246
            ],
            [
                1.9999999999325735
            ],
            [
                1.999999999999886
            ],
            [
                2.0
            ],
            [
                2.0
            ]
        ]
    },
    "loss_weights": {
        "w_PDE_loss": 0.2,
        "a_grad_loss": 0
    },
    "learning_rate": 0.01,
    "training_time": 599.3857624530792,
    "total_iterations": [
        0,
        500,
        1000,
        1500,
        2000,
        2500,
        3000,
        3500,
        4000,
        4500,
        5000,
        5500,
        6000,
        6500,
        7000,
        7500,
        8000,
        8500,
        9000,
        9500,
        10000
    ],
    "history": {
        "u_history": {
            "loss": [
                0.4853285551071167,
                9.751800098456442e-05,
                6.146992382127792e-05,
                4.8666181100998074e-05,
                3.8037163903936744e-05,
                3.2176405511563644e-05,
                2.8244014174561016e-05,
                2.6085232093464583e-05,
                2.5136456315522082e-05,
                2.3699863959336653e-05,
                2.1993091650074348e-05
            ],
            "steps": [
                1,
                501,
                1001,
                1501,
                2001,
                2501,
                3001,
                3501,
                4001,
                4501,
                5000
            ]
        },
        "f_history": {
            "loss": [
                2.338703155517578,
                0.2550983428955078,
                0.2550903558731079,
                0.25508788228034973,
                0.2550860643386841,
                0.2550840973854065,
                0.25508129596710205,
                0.25507405400276184,
                0.1331453174352646,
                0.00011684260243782774,
                6.504065095214173e-05,
                3.581033888622187e-05,
                1.5101208191481419e-05,
                2.6974805223289877e-05,
                0.0009621024946682155,
                6.151938578113914e-05,
                3.243505261707469e-06,
                7.553563045803457e-05,
                4.601851287588943e-06,
                9.87923613138264e-07,
                0.00030930721550248563,
                0.00018538645235821605,
                2.785588776532677e-06,
                1.012974462355487e-05,
                1.0643548193911556e-06,
                3.109015779045876e-06,
                5.397874247137224e-06,
                4.32757451562793e-06,
                1.1363909834471997e-05,
                1.1505590009619482e-06,
                5.890182364964858e-06
            ],