{
    "domain": {
        "x_domain": [
            0,
            1,
            10000
        ],
        "y_domain": null,
        "t_domain": null
    },
    "nn_dims": {
        "num_layers": 3,
        "num_neurons": 40
    },
    "obs_values": {
        "dom_obs": [
            [
                0.0
            ],
            [
                0.041666666666666664
            ],
            [
                0.08333333333333333
            ],
            [
                0.125
            ],
            [
                0.16666666666666666
            ],
            [
                0.20833333333333331
            ],
            [
                0.25
            ],
            [
                0.29166666666666663
            ],
            [
                0.3333333333333333
            ],
            [
                0.375
            ],
            [
                0.41666666666666663
            ],
            [
                0.4583333333333333
            ],
            [
                0.5
            ],
            [
                0.5416666666666666
            ],
            [
                0.5833333333333333
            ],
            [
                0.625
            ],
            [
                0.6666666666666666
            ],
            [
                0.7083333333333333
            ],
            [
                0.75
            ],
            [
                0.7916666666666666
            ],
            [
                0.8333333333333333
            ],
            [
                0.875
            ],
            [
                0.9166666666666666
            ],
            [
                0.9583333333333333
            ],
            [
                1.0
            ]
        ],
        "u_obs": [
            [
                0.0
            ],
            [
                0.03993055555555555
            ],
            [
                0.07638888888888888
            ],
            [
                0.109375
            ],
            [
                0.1388888888888889
            ],
            [
                0.16493055555555555
            ],
            [
                0.1875
            ],
            [
                0.2065972222222222
            ],
            [
                0.22222222222222224
            ],
            [
                0.234375
            ],
            [
                0.24305555555555555
            ],
            [
                0.24826388888888892
            ],
            [
                0.25
            ],
            [
                0.2482638888888889
            ],
            [
                0.24305555555555558
            ],
            [
                0.234375
            ],
            [
                0.22222222222222224
            ],
            [
                0.20659722222222227
            ],
            [
                0.1875
            ],
            [
                0.16493055555555558
            ],
            [
                0.13888888888888895
            ],
            [
                0.109375
            ],
            [
                0.07638888888888892
            ],
            [
                0.03993055555555562
            ],
            [
                0.0
            ]
        ],
        "f_obs": [
            [
                2.0
            ],
            [
                2.0
            ],
            [
                1.999999999999886
            ],
            [
                1.9999999999325735
            ],
            [
                1.9999999805922246
            ],
            [
                1.9999973030599707
            ],
            [
                1.9998211206477403
            ],
            [
                1.9944419120836294
            ],
            [
                1.9218225038462164
            ],
            [
                1.538662196954222
            ],
            [
                1.1134143687918356
            ],
            [
                2.4318406142463815
            ],
            [
                4.0
            ],
            [
                2.4318406142463846
            ],
            [
                1.1134143687918359
            ],
            [
                1.538662196954222
            ],
            [
                1.9218225038462162
            ],
            [
                1.9944419120836294
            ],
            [
                1.9998211206477403
            ],
            [
                1.9999973030599707
            ],
            [
                1.9999999805922246
            ],
            [
                1.9999999999325735
            ],
            [
                1.999999999999886
            ],
            [
                2.0
            ],
            [
                2.0
            ]
        ]
    },
    "loss_weights": {
        "w_PDE_loss": 0.2,
        "a_grad_loss": 0
    },
    "learning_rate": 0.01,
    "training_time": 774.6902561187744,
    "total_iterations": [
        0,
        1000,
        2000,
        3000,
        4000,
        5000
    ],
    "history": {
        "u_history": {
            "loss": [
                0.01399259828031063,
                4.129394801566377e-05,
                3.206165638403036e-05,
                2.9531302061513998e-05,
                2.6603318474371918e-05,
                2.4379965907428414e-05,
                2.258448876091279e-05,
                2.1575870050583035e-05,
                2.2539430574397556e-05,
                4.191663538222201e-05,
                1.7954769646166824e-05,
                1.7913060219143517e-05,
                1.7003578250296414e-05,
                2.457087794027757e-05,
                1.5784327842993662e-05,
                1.842037818278186e-05,
                1.5503370377700776e-05,
                0.00014983050641603768,
                5.768504342995584e-05,
                1.3936278264736757e-05,
                1.3866007975593675e-05
            ],
            "steps": [
                1,
                501,
                1001,
                1501,
                2001,
                2501,
                3001,
                3501,
                4001,
                4501,
                5001,
                5501,
                6001,
                6501,
                7001,
                7501,
                8001,
                8501,
                9001,
                9501,
                10000
            ]
        },
        "f_history": {
            "loss": [
                2.148805856704712,
                0.2551138997077942,
                0.25510740280151367,
                0.2551025450229645,
                0.2550981044769287,
                0.25509411096572876,
                0.25509020686149597,
                0.2550833821296692,
                0.019834844395518303,
                5.7200501032639295e-05,
                0.00046982866479083896,
                0.00014329074474517256,
                1.5235176761052571e-05,
                4.690057539846748e-05,
                8.363562665181234e-05,
                1.50440000652452e-05,
                2.226502874691505e-05,
                8.738876204006374e-06,
                3.971053047280293e-06,
                0.000788275443483144,
                0.0003804660227615386,
                0.0006589003023691475,
                2.8175991246826015e-06,
                8.967346730059944e-06,
                1.9315891677251784e-06,
                0.0003056182467844337,
                1.9333856471348554e-05,
                6.722746661580459e-07,
                4.463247023522854e-05,
                7.803618245816324e-06,
                2.0623610907932743e-06
            ],