{
    "domain": {
        "x_domain": [
            0,
            1,
            1000
        ],
        "y_domain": null,
        "t_domain": null
    },
    "nn_dims": {
        "num_layers": 2,
        "num_neurons": 10
    },
    "same_arch_for_interpolation": false,
    "obs_values": {
        "dom_obs": [
            [
                0.0
            ],
            [
                0.041666666666666664
            ],
            [
                0.08333333333333333
            ],
            [
                0.125
            ],
            [
                0.16666666666666666
            ],
            [
                0.20833333333333331
            ],
            [
                0.25
            ],
            [
                0.29166666666666663
            ],
            [
                0.3333333333333333
            ],
            [
                0.375
            ],
            [
                0.41666666666666663
            ],
            [
                0.4583333333333333
            ],
            [
                0.5
            ],
            [
                0.5416666666666666
            ],
            [
                0.5833333333333333
            ],
            [
                0.625
            ],
            [
                0.6666666666666666
            ],
            [
                0.7083333333333333
            ],
            [
                0.75
            ],
            [
                0.7916666666666666
            ],
            [
                0.8333333333333333
            ],
            [
                0.875
            ],
            [
                0.9166666666666666
            ],
            [
                0.9583333333333333
            ],
            [
                1.0
            ]
        ],
        "u_obs": [
            [
                0.0
            ],
            [
                0.03993055555555555
            ],
            [
                0.07638888888888888
            ],
            [
                0.109375
            ],
            [
                0.1388888888888889
            ],
            [
                0.16493055555555555
            ],
            [
                0.1875
            ],
            [
                0.2065972222222222
            ],
            [
                0.22222222222222224
            ],
            [
                0.234375
            ],
            [
                0.24305555555555555
            ],
            [
                0.24826388888888892
            ],
            [
                0.25
            ],
            [
                0.2482638888888889
            ],
            [
                0.24305555555555558
            ],
            [
                0.234375
            ],
            [
                0.22222222222222224
            ],
            [
                0.20659722222222227
            ],
            [
                0.1875
            ],
            [
                0.16493055555555558
            ],
            [
                0.13888888888888895
            ],
            [
                0.109375
            ],
            [
                0.07638888888888892
            ],
            [
                0.03993055555555562
            ],
            [
                0.0
            ]
        ],
        "f_obs": [
            [
                2.0
            ],
            [
                2.0
            ],
            [
                1.999999999999886
            ],
            [
                1.9999999999325735
            ],
            [
                1.9999999805922246
            ],
            [
                1.9999973030599707
            ],
            [
                1.9998211206477403
            ],
            [
                1.9944419120836294
            ],
            [
                1.9218225038462164
            ],
            [
                1.538662196954222
            ],
            [
                1.1134143687918356
            ],
            [
                2.4318406142463815
            ],
            [
                4.0
            ],
            [
                2.4318406142463846
            ],
            [
                1.1134143687918359
            ],
            [
                1.538662196954222
            ],
            [
                1.9218225038462162
            ],
            [
                1.9944419120836294
            ],
            [
                1.9998211206477403
            ],
            [
                1.9999973030599707
            ],
            [
                1.9999999805922246
            ],
            [
                1.9999999999325735
            ],
            [
                1.999999999999886
            ],
            [
                2.0
            ],
            [
                2.0
            ]
        ]
    },
    "loss_weights": {
        "w_PDE_loss": 0.2,
        "a_grad_loss": 0.2,
        "gPINN_loss": 0.2
    },
    "learning_rate": 0.01,
    "training_time": 1906.083423614502,
    "total_iterations": [
        1,
        501,
        1001,
        1501,
        2001,
        2501,
        3001,
        3501,
        4001,
        4501,
        5001,
        5501,
        6001,
        6501,
        7001,
        7501,
        8001,
        8501,
        9001,
        9501,
        10000
    ],
    "history": {
        "u_history": {
            "loss": [
                0.11111971735954285,
                6.658606434939429e-05,
                4.0965271182358265e-05,
                3.214306343579665e-05,
                2.7540658265934326e-05,
                3.176852624164894e-05,
                2.5532872314215638e-05,
                2.336903526156675e-05,
                2.102406506310217e-05,
                1.829499342420604e-05,
                5.202984539209865e-05
            ],
            "steps": [
                1,
                501,
                1001,
                1501,
                2001,
                2501,
                3001,
                3501,
                4001,
                4501,
                5000
            ]
        },
        "f_history": {
            "loss": [
                2.3296408653259277,
                0.2551562786102295,
                0.25511378049850464,
                0.25509113073349,
                0.25508666038513184,
                0.2550819516181946,
                0.25506821274757385,
                0.2547738552093506,
                0.000152855267515406,
                0.00015567903756164014,
                5.621396849164739e-05,
                4.403458206070354e-06,
                0.0010373793775215745,
                2.1499604372365866e-06,
                3.8075972952356096e-06,
                2.1418483811430633e-05,
                0.00025841197930276394,
                1.65006099450693e-06,
                1.855019490903942e-06,
                9.702996612759307e-05,
                1.767785579431802e-05
            ],
            "steps": [
                1,
                501,
                1001,
                1501,
                2001,
                2501,
                3001,
                3501,
                4001,
                4501,
                5001,
                5501,
                6001,
                6501,
                7001,
                7501,
                8001,
                8501,
                9001,
                9501,
                10000
            ]
        },