{
    "domain": {
        "x_domain": [
            0,
            1,
            1000
        ],
        "y_domain": null,
        "t_domain": null
    },
    "nn_dims": {
        "num_layers": 2,
        "num_neurons": 10
    },
    "obs_values": {
        "dom_obs": [
            [
                0.0
            ],
            [
                0.041666666666666664
            ],
            [
                0.08333333333333333
            ],
            [
                0.125
            ],
            [
                0.16666666666666666
            ],
            [
                0.20833333333333331
            ],
            [
                0.25
            ],
            [
                0.29166666666666663
            ],
            [
                0.3333333333333333
            ],
            [
                0.375
            ],
            [
                0.41666666666666663
            ],
            [
                0.4583333333333333
            ],
            [
                0.5
            ],
            [
                0.5416666666666666
            ],
            [
                0.5833333333333333
            ],
            [
                0.625
            ],
            [
                0.6666666666666666
            ],
            [
                0.7083333333333333
            ],
            [
                0.75
            ],
            [
                0.7916666666666666
            ],
            [
                0.8333333333333333
            ],
            [
                0.875
            ],
            [
                0.9166666666666666
            ],
            [
                0.9583333333333333
            ],
            [
                1.0
            ]
        ],
        "u_obs": [
            [
                0.0
            ],
            [
                0.03993055555555555
            ],
            [
                0.07638888888888888
            ],
            [
                0.109375
            ],
            [
                0.1388888888888889
            ],
            [
                0.16493055555555555
            ],
            [
                0.1875
            ],
            [
                0.2065972222222222
            ],
            [
                0.22222222222222224
            ],
            [
                0.234375
            ],
            [
                0.24305555555555555
            ],
            [
                0.24826388888888892
            ],
            [
                0.25
            ],
            [
                0.2482638888888889
            ],
            [
                0.24305555555555558
            ],
            [
                0.234375
            ],
            [
                0.22222222222222224
            ],
            [
                0.20659722222222227
            ],
            [
                0.1875
            ],
            [
                0.16493055555555558
            ],
            [
                0.13888888888888895
            ],
            [
                0.109375
            ],
            [
                0.07638888888888892
            ],
            [
                0.03993055555555562
            ],
            [
                0.0
            ]
        ],
        "f_obs": [
            [
                2.0
            ],
            [
                2.0
            ],
            [
                1.999999999999886
            ],
            [
                1.9999999999325735
            ],
            [
                1.9999999805922246
            ],
            [
                1.9999973030599707
            ],
            [
                1.9998211206477403
            ],
            [
                1.9944419120836294
            ],
            [
                1.9218225038462164
            ],
            [
                1.538662196954222
            ],
            [
                1.1134143687918356
            ],
            [
                2.4318406142463815
            ],
            [
                4.0
            ],
            [
                2.4318406142463846
            ],
            [
                1.1134143687918359
            ],
            [
                1.538662196954222
            ],
            [
                1.9218225038462162
            ],
            [
                1.9944419120836294
            ],
            [
                1.9998211206477403
            ],
            [
                1.9999973030599707
            ],
            [
                1.9999999805922246
            ],
            [
                1.9999999999325735
            ],
            [
                1.999999999999886
            ],
            [
                2.0
            ],
            [
                2.0
            ]
        ]
    },
    "loss_weights": {
        "w_PDE_loss": 0.2,
        "a_grad_loss": 0
    },
    "learning_rate": 0.01,
    "training_time": 737.82257771492,
    "total_iterations": [
        0,
        1000,
        2000,
        3000,
        4000,
        5000
    ],
    "history": {
        "u_history": {
            "loss": [
                0.040457334369421005,
                7.184481364674866e-05,
                4.5640226744581014e-05,
                3.578906034817919e-05,
                3.18059537676163e-05,
                3.513367846608162e-05,
                2.9440763682941906e-05,
                2.629670052556321e-05,
                2.3011956727714278e-05,
                1.9804398107226007e-05,
                1.6328072888427414e-05,
                1.5794103092048317e-05,
                6.095250228099758e-06,
                8.901239425540552e-07,
                2.9787077437504195e-05,
                6.894037142046727e-06,
                9.261597710974456e-07,
                3.2348554668715224e-05,
                4.9772163038142025e-05,
                1.4896651009621564e-05,
                2.448278337396914e-06
            ],
            "steps": [
                1,
                501,
                1001,
                1501,
                2001,
                2501,
                3001,
                3501,
                4001,
                4501,
                5001,
                5501,
                6001,
                6501,
                7001,
                7501,
                8001,
                8501,
                9001,
                9501,
                10000
            ]
        },
        "f_history": {
            "loss": [
                2.0064163208007812,
                0.25511181354522705,
                0.2550959587097168,
                0.2550898492336273,
                0.25508803129196167,
                0.255086213350296,
                0.2550836503505707,
                0.25507622957229614,
                0.2538504898548126,
                8.161728328559548e-05,
                4.598984378390014e-05,
                0.0004988326691091061,
                9.423276060260832e-05,
                0.0006963469204492867,
                6.288402801146731e-05,
                0.00010321519948774949,
                3.729948275577044e-06,
                0.00013890308036934584,
                8.915846410673112e-05,
                1.6151482213899726e-06,
                1.9618489659478655e-06,
                1.748099020915106e-05,
                8.618591527920216e-05,
                1.4476703427135362e-06,
                1.323845935985446e-06,
                5.009719188819872e-06,
                0.0003100506728515029,
                5.694611786566384e-07,
                6.8501817622745875e-06,
                4.696943506132811e-06,
                0.0002105861931340769
            ],