{
    "domain": {
        "x_domain": [
            0,
            1,
            1000
        ],
        "y_domain": null,
        "t_domain": null
    },
    "nn_dims": {
        "num_layers": 3,
        "num_neurons": 35
    },
    "same_arch_for_interpolation": false,
    "obs_values": {
        "dom_obs": [
            [
                0.0
            ],
            [
                0.07142857142857142
            ],
            [
                0.14285714285714285
            ],
            [
                0.21428571428571427
            ],
            [
                0.2857142857142857
            ],
            [
                0.3571428571428571
            ],
            [
                0.42857142857142855
            ],
            [
                0.5
            ],
            [
                0.5714285714285714
            ],
            [
                0.6428571428571428
            ],
            [
                0.7142857142857142
            ],
            [
                0.7857142857142857
            ],
            [
                0.8571428571428571
            ],
            [
                0.9285714285714285
            ],
            [
                1.0
            ]
        ],
        "u_obs": [
            [
                -0.00035225112168116296
            ],
            [
                0.06596389233554109
            ],
            [
                0.1233517101245421
            ],
            [
                0.16821400110753795
            ],
            [
                0.20188735000389937
            ],
            [
                0.22873636701059877
            ],
            [
                0.24586236021555663
            ],
            [
                0.2503609195469022
            ],
            [
                0.24549298201709732
            ],
            [
                0.2299385804407033
            ],
            [
                0.20405320430819895
            ],
            [
                0.16799675583335227
            ],
            [
                0.12151242199905739
            ],
            [
                0.06509349859235575
            ],
            [
                -0.000457005207194401
            ]
        ],
        "f_obs": [
            [
                2.0036231794858352
            ],
            [
                1.9901345851947634
            ],
            [
                1.9853309076483472
            ],
            [
                1.9835265305849525
            ],
            [
                1.9988250174991373
            ],
            [
                1.76370345354368
            ],
            [
                1.2576116715882928
            ],
            [
                3.9979092986529547
            ],
            [
                1.2629359667655877
            ],
            [
                1.7687722113708113
            ],
            [
                1.9989628793472922
            ],
            [
                1.9965658550725265
            ],
            [
                2.00586991142372
            ],
            [
                1.9978033393070416
            ],
            [
                2.0027806611183623
            ]
        ]
    },
    "loss_weights": {
        "w_PDE_loss": 0.2,
        "a_grad_loss": 0.001,
        "gPINN_loss": 0.001
    },
    "learning_rate": 0.01,
    "training_time": 1358.6099333763123,
    "total_iterations": [
        0,
        500,
        1000,
        1500,
        2000,
        2500,
        3000,
        3500,
        4000,
        4500,
        5000,
        5500,
        6000,
        6500,
        7000,
        7500,
        8000,
        8500,
        9000,
        9500,
        10000,
        10500,
        11000,
        11500,
        12000,
        12500,
        13000,
        13500,
        14000,
        14500,
        15000,
        15500,
        16000,
        16500,
        17000,
        17500,
        18000,
        18500,
        19000,
        19500,
        20000
    ],
    "history": {
        "u_history": {
            "loss": [
                0.0681421086192131,
                6.435866089304909e-05,
                7.26129874237813e-05,
                4.696264659287408e-05,
                3.568063766579144e-05,
                2.948852488771081e-05,
                2.435739224893041e-05,
                2.8505044610938057e-05,
                7.205426663858816e-05,
                2.062677413050551e-05,
                3.953944542445242e-06,
                1.3611638678412419e-06,
                1.5764667296025436e-06,
                3.6503293813439086e-05,
                2.5371991796419024e-06,
                4.011617875221418e-06,
                7.439454202540219e-05,
                5.335671630746219e-06,
                2.920907354564406e-05,
                3.562527854228392e-05,
                9.669161954661831e-06
            ],
            "steps": [
                1,
                501,
                1001,
                1501,
                2001,
                2501,
                3001,
                3501,
                4001,
                4501,
                5001,
                5501,
                6001,
                6501,
                7001,
                7501,
                8001,
                8501,
                9001,
                9501,
                10000
            ]
        },
        "f_history": {
            "loss": [
                2.119670867919922,
                0.3461665213108063,
                0.34612324833869934,
                0.3460932672023773,
                0.3454102575778961,
                4.8289195547113195e-05,
                1.2911282283312175e-05,
                8.414451258431654e-06,
                7.1479812504549045e-06,
                6.414050403691363e-06,
                5.915039764659014e-06,
                0.0005372054292820394,
                5.319344836607343e-06,
                5.569638960878365e-05,
                7.504812856495846e-06,
                4.786458703165408e-06,
                4.548122888081707e-06,
                0.346383273601532,
                6.186757673276588e-05,
                2.593634599179495e-05,
                6.679666512354743e-06,
                5.9873400459764525e-06,
                5.710085133614484e-06,
                5.650274488289142e-06,
                1.0235539775749203e-05,
                1.9385011910344474e-05,
                1.6270876585622318e-05,
                6.480515730800107e-05,
                0.0001408097450621426,
                0.00021741339878644794,
                9.896389383357018e-05,
                9.983127711166162e-06,
                2.0457768187043257e-05,
                1.0303081580786966e-05,
                0.000689205655362457,
                0.00015651409921701998,
                6.791781925130635e-05,
                5.124893141328357e-05,
                4.098030331078917e-05,
                3.443197419983335e-05,
                2.7786949431174435e-05
            ],